MARUTI SUZUKI,,,,,,,,,,,,,,,,,,,
,S.No,Parent Company / Group,Model Name,Variant / Trim Name,Colors Available,,,,,,,,,,,,,,
,1,Suzuki Motor Group,Victoris,LXI / VXI / ZXI /ZXI+/ ZXI+(O),"Splendid Silver,Sizzling Red,Eternal Blue,Mystic Green,Bluish Black,Magma Grey,Pearl Arctic White,Eternal Blue with Bluish Black Roof,Sizzling Red with Bluish Black Roof,Splendid Silver with Bluish Black Roof",,,,,,,,,,,,,,
,2,Suzuki Motor Group,Grand Vitara,Sigma / Delta / Zeta /Alpha(market trims),"Nexa Blue,Arctic White,Splendid Silver,Grandeur Grey,Chestnut Brown,Opulent Red,Arctic White with Black Roof,Splendid Silver with Black Roof,Opulent Red with Black Roof,Midnight Black",, ,,,,,,,,,,,,
,3,Suzuki Motor Group,Fronx,Sigma / Delta / Delta+ / Delta+(O) / Zeta / Alpha,"Nexa Blue (Celestial),Arctic White,Splendid Silver,Grandeur Grey,Earthen Brown,Opulent Red,Earthen Brown with Bluish Black Roof,Splendid Silver With Bluish Black Roof,Opulent Red with Bluish Black Roof,Bluish Black.",,,,,,,,,,,,,,
,4,Suzuki Motor Group,Brezza,LXi / VXi / ZXi / ZXi+ ,Sizzling Red,Brave Khaki,Exuberant blue,Magma Grey,Splendid Silver,Pearl Arctic White,Splendid Silver with Bluish Black Roof,Brave Khaki with Arctic White Roof,Sizziling Red with Bluish Black Roof,Bluish Black,,,,,
,5,Suzuki Motor Group,Baleno,Sigma / Delta / Zeta / Alpha,Nexa Blue,Splendid Silver,Opulent Red,Grandeur Grey,Arctic White,Luxe Beige,Bluish Black,,,,,,,,
,6,Suzuki Motor Group,Swift,LXi / VXi / VXi(O) / ZXi / ZXi+,Sizzling Red,Luster Blue,Novel Orange,Magma Grey,Splendid Silver,Pearl Arctic White,Sizzling Red with Bluish Black Roof,Luster Blue with Bluish Black Roof,Pearl Arctic White with Bluish Black Roof,Bluish Black,,,,,
,7,Suzuki Motor Group,Dzire,LXi / VXi / ZXi / ZXi+,Splendid Silver,Bluish Black,Arctic White,Magma Grey,Gallant Red,Alluring Blue,Nutmeg Brown,,,,,,,,
,8,Suzuki Motor Group,Ertiga,LXi / VXi / ZXi / ZXi+,Arctic White,Splendid Silver,Magma Grey,Pearl Metallic Dignity Brown,Bluish Black,,,,,,,,,,
,9,Suzuki Motor Group,XL6,Alpha / Zeta,Arctic White,Splendid Silver,Grandeur Grey,Brave Khaki,Opulent Red,Nexa Blue (Celestial),Splendid Silver with Midnight Black Roof,Brave Khaki with Midnight Black Roof,Opulent Red with Midnight Black Roof,Bluish Black,,,,,
,10,Suzuki Motor Group,WagonR,LXi / VXi / ZXi / ZXi+,Solid White,Pearl Metallic Poolside Blue,Metallic Magma Grey,Magma Grey with Black Roof,Metallic Silky Silver,Peral Metallic Nutmeg Brown,Pearl Metallic Gallant Red,Metallic Gallant Red with Bluish Black Roof,Pearl Bluish Black,,,,,,
,11,Suzuki Motor Group,Alto K10 / Alto,Std(O) / LXi(O) / VXi(O) / VXi+(O),Solid White,Metallic Silky Silver,Metallic Granite Grey,Metallic Speedy Blue,Metallic Sizzling Red,Premium Earth Gold,Bluish Black,,,,,,,,
,12,Suzuki Motor Group,S-Presso,Std(O) / LXi(O) / VXi(O) / VXi+(O),Solid Fire Red,Solid Sizzle Orange,Pearl Starry Blue,Metallic Granite Grey,Metallic Silky Silver,Solid White,Bluish Black,,,,,,,,
,13,Suzuki Motor Group,Celerio,LXi / VXi / ZXi / ZXi+,Metallic Speedy Blue,Metallic Glistening Grey,Pearl Arctic White,Metallic Silky Silver,Solid Fire Red,Pearl Caffeine Brown,Pearl Bluish Black,,,,,,,,
,14,Suzuki Motor Group,Ignis,Sigma / Delta / Zeta / Alpha,Nexa Blue,Turquoise Blue,Lucent Orange,Glistening Grey,Silky Silver,Pearl Arctic White,Nexa Blue with Black Roof,Nexa Blue with Silver Roof,Lucent Orange with Black Roof,Pearl Midnight Black,,,,,
,15,Suzuki Motor Group,Jimny,Zeta / Alpha,Bluish Black,Kinetic Yellow with Bluish Black Roof,Sizzling Red with Bluish Black Roof,Nexa Blue,Sizzling Red,Granite Gray,Pearl Arctic White,,,,,,,,
,16,Suzuki Motor Group,Eeco,STD(O) / AC(O),Solid White,Bluish Black,Metallic Silky Silver,Metallic Glistening Grey,Metallic Brisk Blue,,,,,,,,,,
,17,Suzuki Motor Group,S-CROSS,Sigma / Delta / Zeta,Granite Grey,Nexa Blue,Caffeine Brown,Pearl Arctic White,Premium Silver,,,,,,,,,,
,18,Suzuki Motor Group,Invicto / Fronx variants (Commercial / special),—,Nexa Blue (Celestial),Stellar Bronze,Majestic Silver,Mystic White,Magnificent Black,,,,,,,,,,
,19,Suzuki Motor Group,ciaz,Sigma / Delta / Zeta / Alpha,Prme. Dignity Brown,Bluish Black,Prme. Splendid Silver,Prme. Celestial Blue,Prme. Opulent Red,Prme. Opulent Red with Bluish Black roof,Prme. Grandeur Gray with Bluish Black roof,Prme. Dignity Brown and Bluish Black roof,Prme. Grandeur Gray,,,,,,
,,,,,,,,,,,,,,,,,,,
,,,,,,,,,,,,,,,,,,,
,,,,,,,,,,,,,,,,,,,
TOYOTA,,,,,,,,,,,,,,,,,,,
,S.No,Parent Company / Group,Model Name,Variant / Trim Name,,,,,,,,,,,,,,,
,1,Toyota Motor Corporation,Glanza,E / S / G / V,Sportin Red,Enticing Silver,Insta Blue,Gaming Grey,Cafe White,,,,,,,,,,
,2,Toyota Motor Corporation,Urban Cruiser Taisor,Standard trims,Lucent Orange,Sportin Red,Cafe White,Enticing Silver,Gaming Grey,Sportin Red with Midnight Black,Enticing Silver with Midnight Black,Cafe White with Midnight Black,Bluish Black,,,,,,
,3,Toyota Motor Corporation,Urban Cruiser Hyryder,Standard trims,Cafe White,Enticing Silver,Gaming Grey,Sportin Red,Midnight Black,Cave Black,Speedy Blue,Sportin Red with Midnight Black,Enticing Silver with Midnight Black,Speedy Blue with Midnight Black,Cafe White with Midnight Black,,,,
,4,Toyota Motor Corporation,Innova Crysta,G / GX / VX / ZX,Platinum White Pearl,Superwhite,Silver Metallic,Attitude Black Mica,Avant-Garde Bronze Metallic,,,,,,,,,,
,5,Toyota Motor Corporation,Innova Hycross,Standard trims,Blackish Ageha Glass Flake,Platinum White Pearl,Silver Metallic,Avant-garde Bronze Metallic,Attitude Black Mica,Super White,,,,,,,,,
,6,Toyota Motor Corporation,Fortuner,Standard / Legender / Neo Drive,Sparkling Black Cystal Shine,Super White,Attitude Black,Avant-Garde Bronze,Platinum White Pearl,Silver Metallic,,,,,,,,,
,7,Toyota Motor Corporation,Camry,Elegance / Sprint,Cement Grey,Attitude Black,Emotional Red,Platinum White Pearl,Dark Blue,Precious Metal,Cement Grey With Matte Black,Emotional Red With Matte Black,Platinum White Pearl With Matte Black,Precious Metal With Matte Black,Dark Blue With Matte Black,,,,
,8,Toyota Motor Corporation,Hilux,Standard / Variants,Grey Metallic,White Pearl Crystal Shine,Emotional Red,Super White,Attitude Black,,,,,,,,,,
,9,Toyota Motor Corporation,Rumion,S / G / V (AT and MT variants),Rustic Brown,Iconic Grey,Spunky Blue,Cafe White,Enticing Silver,,,,,,,,,,
,10,Toyota Motor Corporation,Vellfire,Executive Lounge / VIP Executive Lounge,Black,Precious Metal,Platinum White Pearl,,,,,,,,,,,,
MAHINDRA,,,,,,,,,,,,,,,,,,,
,S.No,Parent Company / Group,Model Name,Variant / Trim Name,,,,,,,,,,,,,,,
,1,Mahindra & Mahindra Ltd.,XUV 700,MX / AX / AX(O) / etc,Midnight Black,Everest White,Dazzling Silver,Red Rage,Electric Blue,Matte Blaze Red,Burnt Sienna,Electric Blue with Black Roof,Midnight Black with Black Roof,Red Rage with Black Roof,Dazzling Silver with Black Roof,Everest White with Black Roof,Deep Forest,Stealth Black,
,2,Mahindra & Mahindra Ltd.,Thar,AX / LX / LX (O) / etc,Stealth Black,Everest White,Tango Red,Battleship Grey,Deep Forest,Galaxy Grey,,,,,,,,,
,3,Mahindra & Mahindra Ltd.,XUV 3XO,REVX / REVX M / etc,Citrine Yellow,Deep Forest,Dune Beige,Everest White,Galaxy Grey,Nebula Blue,Stealth Black,Tango Red,Citrine Yellow with Stealth Black,Deep Forest with Galvono Grey,Dune Beige with Stealth Black,Galvono Grey with Stealth Black,Nebula Blue with Galvano Grey,Stealth Black with Galvono Grey,Tango Red with Stealth Black
,4,Mahindra & Mahindra Ltd.,BE 6,Pack One / Pack Two / etc,Desert Myst,Everest White,Firestorm Orange,Tango Red,Desert Myst Satin,Deep Forest,Everest White Satin,Stealth Black,Satin Black,,,,,,
,5,Mahindra & Mahindra Ltd.,XEV 9e,Standard / higher packs,Desert Myst,Everest White,Deep Forest,Tango Red,Nebula Blue,Ruby Velvet,Stealth Black,Satin White,Satin Black,,,,,,
,6,Mahindra & Mahindra Ltd.,Bolero,B4 / B6 / B8 / etc,Dsat Silver,Diamond White,Stealth Black,Rocky Beige,,,,,,,,,,,
,7,Mahindra & Mahindra Ltd.,Scorpio,Z2 / Z4 / Z6 / Z8 / Z8L (Scorpio-N); S / S11 (Classic),Everest White,Red Rage,Galaxy Grey,Stealth Black,Diamond White,,,,,,,,,,
,8,Mahindra & Mahindra Ltd.,XUV 400 EV,EC / EL,Arctic Blue,Everest White,Galaxy Grey,Napoli Black,Infinity Blue,"Satin Copper, Napoli Black","Satin Copper, Galaxy Grey","Satin Copper, Infinity Blue","Satin Copper, Everest White","Satin Copper, Arctic Blue",Nebula Blue,"Satin Copper, Nebula Blue",,,
,,,,,,,,,,,,,,,,,,,
KIA,,,,,,,,,,,,,,,,,,,
,S.No,Parent Company / Group,Model Name,Variant / Trim Name,,,,,,,,,,,,,,,
,1,Kia India Pvt. Ltd.,Sonet,HTE / HTK / HTX / HTX+ / GTX+,Pewter Olive,Glacier White Pearl,Gravity Grey,Aurora Black Pearl,Magma Red,Imperial Blue,Magma Red with Aurora Black Pearl,Glacier White Pearl with Aurora Black Pearl,Matte Graphite,Clear White,,,,,
,2,Kia India Pvt. Ltd.,Seltos,HTE / HTK / HTX / GTX / X-Line,Imperial Blue,Aurora Black Pearl,Gravity Grey,Morning Haze,Pewter Olive,Ivory Silver Gloss,Magma Red,Frost Blue,Glacier White Pearl,Matte Graphite,Glacier White with Aurora Black roof,Magma Red with Aurora Black roof,,,
,3,Kia India Pvt. Ltd.,Carens,Premium / Premium Plus / Prestige,Imperial Blue,Aurora Black Pearl,Sparkling Silver,Gravity Grey,Clear White,Pewter Olive,,,,,,,,,
,4,Kia India Pvt. Ltd.,Syros,HTK / HTX etc,Glacier White Pearl,Sparkling Silver,Gravity Grey,Imperial Blue,Intense Red,Aurora Black Pearl,Pewter Olive,Frost Blue,,,,,,,
,5,Kia India Pvt. Ltd.,Carnival,Prestige / Limousine etc,Fusion Black,Glacier White Pearl,,,,,,,,,,,,,
,6,Kia India Pvt. Ltd.,EV6,Standard/GT-Line,Snow White Pearl,Runway Red,Aurora Black Pearl,Wolf Grey,Yatch Blue,,,,,,,,,,
,7,Kia India Pvt. Ltd.,EV 9,Standard/GT-Line,Snow White Pearl,Ocean Blue,Pebble Grey,Panthera Metal,Aurora Black Pearl,,,,,,,,,,
,,,,,,,,,,,,,,,,,,,
,,,,,,,,,,,,,,,,,,,
TATA,,,,,,,,,,,,,,,,,,,
,S.No,Parent Company / Group,Model Name,Variant / Trim Name,,,,,,,,,,,,,,,
,1,Tata Group,Tiago,XE / XM / XT / XZ / XZ+,Tornado Blue,Supernova Copper,Ocena Blue,Arizona Blue,Daytona Grey,Pristine White,,,,,,,,,
,2,Tata Group,Altroz,XE / XM / XZ / XZ+,Dune Glow,Ember Glow,Royal Blue,Pure Grey,Pristine White,,,,,,,,,,
,3,Tata Group,Punch,FE / ET / X / XZ / XZ+,Pristine White,Bengal Rouge,Daytona Grey,Coorg Clouds,Cyantafic Blue,Caramel,Pristine White With Black roof,Daytona Grey With Black roof,Coorg Clouds With Black roof,Caramel With Black roof,Bengal Rouge With White roof,Bengal Rouge With White roof,,,
,4,Tata Group,Nexon,XE / XM / XZ / XZ+ / Dark Edition,Pure Grey,Pure Grey,Pristine White,Daytona Grey with White Roof,Daytona Grey with Black Roof,Carbon Black,Grassland Beige,Royale Blue,Grassland Beige with Black roof,Pure Grey with Black roof,Royal Blue with Black roof,Ocean Blue,Ocean Blue with White Roof,,
,5,Tata Group,Harrier,Pure / Smart / Adventure X etc,Seaweed Green,Daytona Grey,Fearless Red,Pure Grey,Pristine White,Nitro Crimson With Dual Tone,Sunlit Yellow With Dual Tone,Daytona Grey With Dual Tone,Fearless Red With Dual Tone,Pristine White With Dual Tone,Pure Grey With Dual Tone,Seaweed Green With Dual Tone,,,
,6,Tata Group,Safari,Smart / Pure / Adventure X / Accomplished X,Cosmic Gold,Supernova Copper,Stealth Black,Frost White,Royal Blue,Pure Grey,Daytona Grey,Carbon Black,Pure Grey With Dual Tone,Frost White With Dual Tone,Royal Blue With Dual Tone,Cosmic Gold With Dual Tone,Daytona Grey With Dual Tone,Supernova Copper With Dual Tone,
,7,Tata Group,Curvv / Curvv EV,Standard / Dark Edition,Flame Red,Pristine White,Daytona Grey,Opera Blue,Pure Grey,Gold Essence,Pristine White With Black Roof,Opera Blue With Black Roof,Flame Red With Black Roof,Gold Essence With Black Roof,Pure Grey With Black Roof,Daytona Grey with Black Roof,Glossy Carbon Black,Nitro Crimson With Black Roof,
,8,Tata Group,Tigor,XE / XM / XT / XZ etc,Meteor Bronze,Supernova Copper,Daytona Grey,Arizona Blue,Pristine White,,,,,,,,,,
,,,,,,,,,,,,,,,,,,,
,,,,,,,,,,,,,,,,,,,
HYUNDAI,,,,,,,,,,,,,,,,,,,
,S.No,Parent Company / Group,Model Name,Variant / Trim Name,,,,,,,,,,,,,,,
,1,Hyundai Motor India Ltd.,Exter,Base / S / SX / SX(O) etc,Golden Bronze,Titanium Black Matte,Starry Night,Titan Grey,Titanium Black,Atlas White,Ranger Khaki,Ranger Khaki with Black Roof,,,,,,,
,2,Hyundai Motor India Ltd.,Grand i10 Nios,Base / Magna / Sportz / Asta etc,Fiery Red,Spark Green,Atlas White,Teal Blue,Typhoon Silver,Titan Grey,Spark Green with abyss black roof,Atlas White With Abyss Black Roof,Amazon Grey,Titan Grey Matte,,,,,
,3,Hyundai Motor India Ltd.,i20,Base / Sportz / Asta / N-Line etc,Amazon Grey,Fiery Red,Atlas White,Atlas White with Abyss Black,Typhoon Silver,Starry Night,Titan Grey,Abyss Black,,,,,,,
,4,Hyundai Motor India Ltd.,Venue,Base / S / SX / SX(O) etc,Dragon Red,Abyss Black,Titan Grey,Mystic sapphire,Atlas White,Hazel blue,Hazel blue with Abyss Black Roof,Atlas White with Abyss Black Roof,,,,,,,
,5,Hyundai Motor India Ltd.,Verna,Base / S / SX / SX(O) etc,Titanium Black,Atlas White,Titan Grey,Starry Night,Titan Grey Matte,Classy Blue,Atlas White with Black Roof,,,,,,,,
,6,Hyundai Motor India Ltd.,Creta,Base / S / SX / SX(O) / N Line etc,Titanium Black,Atlas White,Robust Emerald Pearl,Ranger Khaki,Titan Grey Matte,Atlas White with Titanium Black,Starry night,Titan Grey,King Limited Edition Titanium Black Matte,,,,,,
,7,Hyundai Motor India Ltd.,Alcazar,Base / Premium / Prestige / Signature etc,Atlas White,Titanium Black,Robust Emerald Pearl,Starry Night,Robust Emerald Matte,Atlas white with Titanium Black,Titanium Black Matte Knight,,,,,,,,
,,,,,,,,,,,,,,,,,,,
,,,,,,,,,,,,,,,,,,,
,,,,,,,,,,,,,,,,,,,
HONDA,,,,,,,,,,,,,,,,,,,
,S.No,Parent Company / Group,Model Name,Variant / Trim Name,,,,,,,,,,,,,,,
,1,Honda Cars India Ltd.,Amaze,E / S / V / VX,Golden Brown Metallic,Lunar Silver Metallic,Meteoroid Grey Metallic,Radiant Red Metallic,Platinum White Pearl,Obsidian Blue Pearl,Crystal Black Pearl,,,,,,,,
,2,Honda Cars India Ltd.,City,SV / V / VX / ZX / e:HEV,Obsidian Blue Pearl,Radiant Red Metallic,Platinum White Pearl,Meteoroid Grey Metallic,Golden Brown Metallic,Lunar Silver Metallic,,,,,,,,,
,3,Honda Cars India Ltd.,Elevate,LX / V / VX / ZX etc,Obsidian Blue Pearl,Radiant Red Metallic,Platinum White Pearl,Golden Brown Metallic,Lunar Silver Metallic,Meteoroid Grey Metallic,Platinum White Pearl with Crystal Black Pearl roof,Radiant Red Metallic with Crystal Black Pearl roof,Crystal Black Pearl,Lunar Silver Metallic with Crystal Black Pearl,Meteoroid Grey Metallic with Crystal Black Pearl,,,,
,4,Honda Cars India Ltd.,BR-V,E / S / V / VX,Carnelian Red Pearl,White Orchid Pearl,Golden Brown Metallic,Alabaster Silver Metallic,Modern Steel Metallic,,,,,,,,,,
,5,Honda Cars India Ltd.,WR-V,Standard Trims,Meteoroid Grey Metallic,Lunar Silver Metallic,Radiant Red Metallic,Golden Brown Metallic,Platinum White Pearl,,,,,,,,,,
,6,Honda Cars India Ltd.,Jazz,V / VX etc,Meteoroid Grey Metallic,Lunar Silver Metallic,Radiant Red Metallic,Golden Brown Metallic,Platinum White Pearl,,,,,,,,,,
,,,,,,,,,,,,,,,,,,,
,,,,,,,,,,,,,,,,,,,
MG,,,,,,,,,,,,,,,,,,,
,S.No,Parent Company / Group,Model Name,Variant / Trim Name,,,,,,,,,,,,,,,
,1,MG Motor India / JSW + SAIC,Comet EV,Standard trims,Candy White and Starry Black,Aurora Silver,Candy White,Starry Black,Black with Fiery Red Accent,,,,,,,,,,
,2,MG Motor India,Windsor EV,Standard / Pro etc,Clay Beige,Pearl White,Starry Black,Turquoise Green,Glaze Red,Celadon Blue,Aurora Silver,,,,,,,,
,3,MG Motor India,Astor,Standard trims,Aurora Silver,Glaze Red,Candy White,Starry Black,Candy White with Black Dual Tone,Havana Grey,,,,,,,,,
,4,MG Motor India,Hector,Standard / Facelift,Celadon Blue,Pearl White,Aurora Silver,Glaze Red,Starry Black,,,,,,,,,,
,5,MG Motor India,Gloster,Standard trims,Deep Golden,Metal Black,Metal Ash,Warm White,Pearl White,,,,,,,,,,
,6,MG Motor India,ZS EV,Standard trims,Glaze Red,Aurora Silver,Starry Black,Candy White,Green with Black roof,,,,,,,,,,
,,,,,,,,,,,,,,,,,,,
,,,,,,,,,,,,,,,,,,,
SKODA,,,,,,,,,,,,,,,,,,,
,S.No,Parent Company / Group,Model Name,Variant / Trim Name,,,,,,,,,,,,,,,
,1,Škoda Auto India / Volkswagen Group,Kylaq,Standard trims,Carbon Steel,Brilliant Silver,Candy White,Lava Blue,Deep Black,Cherry Red,,,,,,,,,
,2,Škoda Auto India,Slavia,Standard trims,Brilliant Silver,Carbon Steel,Lava Blue,Deep Black,Brilliant Silver with Black roof,Candy White with Black roof,Candy White,Carbon Steel Matte,Cherry Red with Black roof,,,,,,
,3,Škoda Auto India,Kushaq,Standard trims,Candy White,Cherry Red,Deep Black,Brilliant Silver,Carbon Steel,Lava Blue,Shimla Green,Steel Grey,Shimla Green with Black Roof,Cherry Red with Black Roof,Steel Grey with Black Roof,Brilliant Silver with Black Roof,Candy White with Black Roof,,
,4,Škoda Auto India,Kodiaq,Sportline / Lounges,Moon White Metallic,Velvet Red Metallic,Magic Black Metallic,Bronx Gold Metallic,Race Blue Metallic,Steel Grey,Graphite Grey Metallic,,,,,,,,
,5,Škoda Auto India,Octavia,Style / L&K,Candy White,Velvet Red,Magic Black,Mamba Green,Race Blue,,,,,,,,,,
,6,Škoda Auto India,Rapid,Standard trims,Brilliant Silver,Candy White,Cappuccino Beige,Carbon Steel,Flash Red,Lapiz Blue,,,,,,,,,
,7,Skoda Auto India,Superb,Sportline / Laurin & Klement (L&K),White,Red,Black,,,,,,,,,,,,
JEEP,,,,,,,,,,,,,,,,,,,
,S.No,Parent Company / Group,Model Name,Variant / Trim Name,,,,,,,,,,,,,,,
,1,Stellantis / Jeep India,Compass,Sport / Longitude / Limited / S / Trail Edition,Techno Metallic Green,Galaxy Blue,Brilliant Black,Exotica Red,Grigio Magnesio grey,Pearl White,Silvery Moon,,,,,,,,
,2,Stellantis / Jeep India,Meridian,Standard / Trail / Limited,Techno Metallic Green,Brilliant Black,Pearl White,Velvet Red,Magnesio Grey,Galaxy Blue,Silvery Moon,Minimal Grey,,,,,,,
,3,Stellantis / Jeep India,Wrangler,Standard / Rubicon / Unlimited,Bright White,Black,Anvil Clear Coat,Sarge Green,Firecracker Red,Billet,,,,,,,,,
,4,Stellantis / Jeep India,Grand Cherokee,Signature Edition / Limited,Bright White,Diamond Black Crystal,Rocky Mountain,Velvet Red,,,,,,,,,,,
,5,Stellantis / Jeep India,Patriot / Compass (earlier),Standard trims,Techno Metallic Green,Galaxy Blue,Brilliant Black,Exotica Red,Grigio Magnesio grey,Pearl White,Silvery Moon,,,,,,,,
,6,Stellantis / Jeep India,Liberty / Wrangler JK (older),Standard trims,Bright White,Black,Anvil Clear Coat,Sarge Green,Firecracker Red,Billet,,,,,,,,,
,,,,,,,,,,,,,,,,,,,
RENAULT,,,,,,,,,,,,,,,,,,,
,S.No,Parent Company / Group,Model Name,Variant / Trim Name,,,,,,,,,,,,,,,
,1,Renault India,Kwid,STD / RXL / RXT / Climber,Fiery Red,Moonlight Silver,Ice Cool White,Outback Bronze,Zanskar Blue,Ice Cool White with Black roof,Metal Mustard with Black roof,Fiery Red with Black roof,Moonlight Silver with Black roof,Zanskar Blue with Black roof,Pearl White with Mystery Black,Shadow Grey,,,
,2,Renault India,Triber,Authentic / Evolution / Techno / Emotion,Zanskar Blue,Shadow Grey,Moonlight Silver,Amber Terracotta,Stealth Black,Ice Cool White,Amber Terracotta with Black roof,Shadow Grey with Mystery Black roof,Ice Cool White with Black roof,,,,,,
,3,Renault India,Kiger,Standard trims,Ice Cool White,Moonlight Silver,Oasis Yellow,Caspian Blue,Shadow Grey,Shadow Grey with Mystery Black roof,Ice Cool White with Black roof,Radiant Red with Mystery Black roof,,,,,,,
,4,Renault India,Duster,RXE / RXS / etc,Mountain Jade Green,Stealth Black,Sunset Red,River Blue,Pearl White,Moonlight Silver,Mountain Jade Green with Stealth Black Roof,River Blue with Stealth Black Roof,Sunset Red with Stealth Black Roof,Pearl White with Stealth Black Roof,,,,,
,5,Renault India,Lodgy,Standard trims,Royal Orchid,Pearl White,Moonlight Silver,Slate Grey,Fiery Red,,,,,,,,,,
,,,,,,,,,,,,,,,,,,,
,,,,,,,,,,,,,,,,,,,
NISSAN,,,,,,,,,,,,,,,,,,,
,S.No,Parent Company / Group,Model Name,Variant / Trim Name,,,,,,,,,,,,,,,
,1,Nissan Motor India / Renault-Nissan JV,Magnite,"VISIA, ACENTA, N-CONNECTA, TEKNA, KURO Edition",Storm White,Blade Silver,Sunrise Cooper Orange,Flare Garnet Red,Onyx Black,Pearl White,Sunrise Cooper Orange with Onyx black roof,Pearl White with Onyx black roof,Flare Garnet Red with Onyx black roof,Blade Silver with Onyx black roof,Metallic Grey,,,,
,2,Nissan Motor India / JV,X-Trail,Standard Trim,Pearl White,Diamond Black,Champagne silver,,,,,,,,,,,,
,3,Nissan Motor India,Kicks,"XL, XV, etc",Fire Red/Onyx Black,Fire Red,Bronze Grey/Amber Orange,Deep Blue Pearl,Pearl White/Onyx Black,Blade Silver,Night Shade,Pearl White,Bronze Grey,,,,,,
,4,Nissan Motor India,Terrano,Standard trims,Sandstone Brown,Bronze Grey,Blade Silver,Sapphire Black,Pearl White,Fire Red,,,,,,,,,
,,,,,,,,,,,,,,,,,,,
,,,,,,,,,,,,,,,,,,,
VOLKSWAGEN,,,,,,,,,,,,,,,,,,,
,S.No,Parent Company / Group,Model Name,Variant / Trim Name,,,,,,,,,,,,,,,
,1,Volkswagen Group India,Taigun,Life / Style / GT / GT-Plus,Deep Black pearl,Wild Cherry Red Metallic,Candy White,Lava Blue Metallic,Carbon Steel Grey Metallic,Reflex Silver Metallic,Avocado Pearl Effect,Steel Grey,Carbon Steel Matte,,,,,,
,2,Volkswagen Group India,Virtus,Comfortline / Highline / GT,Wild Cherry Red,Candy White,Reflex Silver,Carbon Steel Grey,Rising Blue Metallic,Lava Blue,Deep Black pearl,Carbon Steel Matte Grey,,,,,,,
,3,Volkswagen Group India,Tiguan R-Line,R-Line trim,Cipressino Green Metallic,Nightshade Blue Metallic,Grenadilla Black Metallic,Oryx White Mother of Pearl Effect,Persimmon Red Metallic,,,,,,,,,,
,4,Volkswagen Group India,Golf GTI,GTI Edition,Grenadilla Black Metallic,Oryx White Mother-of-Pearl Effect,Moonstone Grey Black,Kings Red Metallic,,,,,,,,,,,
,5,Volkswagen Group India,Polo,Trendline / Highline,Carbon Steel,Reflex Silver,Sunset Red,Candy White,Flash Red,,,,,,,,,,
,6,Volkswagen Group India,Vento / Ameo (sedan),Comfortline / Highline,Reflex Silver,Lapiz Blue,Sunset Red,Candy White,Carbon Steel,Toffee Brown,,,,,,,,,
,,,,,,,,,,,,,,,,,,,
,,,,,,,,,,,,,,,,,,,
CITROEN,,,,,,,,,,,,,,,,,,,
,S.No,Parent Company / Group,Model Name,Variant / Trim Name,,,,,,,,,,,,,,,
,1,Stellantis (PSA Group),C3,Live / Feel / Shine,Polar White,Platinum Grey,Steel Grey,Polar White with Platinum Grey roof,Cosmo Blue,Cosmo Blue with Polar White roof,Perla Nera Black,Garnet Red,Garnet Red with Perla Nera Black,,,,,,
,2,Stellantis,ë-C3,Live / Feel (EV variant),,,,,,,,,,,,,,,
,3,Stellantis,Basalt (X-Series),You / Plus / Max,Polar White,Steel Grey,Cosmo Blue,Garnet Red,Polar White with Perla Nera Black roof,Garnet Red with Perla Nera Black Roof,Perla Nera Black,,,,,,,,
,4,Stellantis,Aircross / C3 Aircross,X-Series (Aircross X),Polar White,Steel Grey,Garnet Red,Cosmo Blue,Deep Forest Green,Perla Nera Black,Deep Forest Green with Perla Nera Black roof,Polar White with Perla Nera Black roof,Cosmo Blue With Polar White roof,Garnet Red with Perla Nera Black roof,,,,,
,5,Stellantis,C5 Aircross,Feel / Shine,Cumulus Grey,Eclipse Blue,Pearl Nera Black,Pearl White with black Roof,Cumulus Grey with Black Roof,Eclipse Blue with Black Roof,,,,,,,,,
,6,Stellantis,C3X,Standard trims,,,,,,,,,,,,,,,
,7,Stellantis,(Example older/discontinued) C3 Aircross (older India import version),—,,,,,,,,,,,,,,,
,,,,,,,,,,,,,,,,,,,
,,,,,,,,,,,,,,,,,,,
,,,,,,,,,,,,,,,,,,,
FORD,,,,,,,,,,,,,,,,,,,
,S.No,Parent Company / Group,Model Name,Variant / Trim Name,,,,,,,,,,,,,,,
,1,Ford Motor Company,EcoSport,Ambiente / Trend / Titanium / Sport,Diamond White,Moondust Silver,Absolute Black,Race Red,Lightning Blue,Smoke Grey,Canyon Ridge,,,,,,,,
,2,Ford Motor Company,Endeavour (Everest),Trend / Titanium / Sport / Limited,Diffused Silver,Diamond White,Absolute Black,,,,,,,,,,,,
,3,Ford Motor Company,Figo,Zinc / Titanium / Sport,Moondust Silver,White Gold,Smoke Grey,Ruby Red,Diamond White,,,,,,,,,,
,4,Ford Motor Company,Fiesta / Classic,Trend / Titanium / Classic,Panther Black,Moondust Silver,Chill Metallic,Diamond White,Sea Grey,Colorado,,,,,,,,,
,5,Ford Motor Company,Freestyle / Aspire,Freestyle / Aspire trims,White Gold,Moondust Silver,Smoke Grey,Ruby Red,Diamond White,,,,,,,,,,
,,,,,,,,,,,,,,,,,,,
,,,,,,,,,,,,,,,,,,,
,,,,,,,,,,,,,,,,,,,
ISUZU,,,,,,,,,,,,,,,,,,,
,S.No,Parent Company / Group,Model Name,Variant / Trim Name,,,,,,,,,,,,,,,
,1,Isuzu Motors Ltd. / Isuzu Motors India Pvt Ltd,D-Max,Hi-Lander / V-Cross / S-CAB / S-CAB Z,Nautilus Blue,Red Spinal Mica,Silky White Pearl,Galena Grey,Silver Metallic,Black Mica,Splash White,Valencia Orange,,,,,,,
,2,Isuzu Motors Ltd. / India subsidiary,V-Cross,Z / Prestige / 4×4 variants,Silky White Pearl,Black Mica,Red Spinel Mica,Nautilus Blue,Galena Grey,Silver Metallic,Splash White,,,,,,,,
,3,Isuzu Motors Ltd. / India subsidiary,MU-X,Standard / 4×4 / Premium trims,Nautilus Blue,Red Spinal Mica,Silky White Pearl,Galena Grey,Black Mica,Silver Metallic,,,,,,,,,
,4,Isuzu Motors Ltd. / India subsidiary,Hi-Lander,Standard trims,,,,,,,,,,,,,,,
,5,Isuzu Motors Ltd. / India subsidiary,"(Discontinued/import/older) – e.g., older D-Max generations / earlier models",Standard trims,,,,,,,,,,,,,,,
,,,,,,,,,,,,,,,,,,,
,,,,,,,,,,,,,,,,,,,
,,,,,,,,,,,,,,,,,,,
CHEVROLET,,,,,,,,,,,,,,,,,,,
,S.No,Parent Company / Group,Model Name,Variant / Trim Name,,,,,,,,,,,,,,,
,1,General Motors / GM India,Beat,LT / LS / Diesel variant,Caviar Black,Cocktail Green,Pull Me Over Red,Satin Steel Grey,Sandrift Grey,Switch Blade Silver,,,,,,,,,
,2,GM India,Sail,LS / LT / others,Switch Blade Silver,Caviar Black,Misty Lake,Summit White,Sandrift Grey,,,,,,,,,,
,3,GM India,Cruze,LS / LTZ,Summit White,Velvet Red,Caviar Black,Diamond White,Sandrift Grey,Switchblade Silver,,,,,,,,,
,4,GM India,Captiva,LT / LTZ,Snowflake White Pearl,Carbon Flash,Smokey Eye Grey,Dark Burgundy,,,,,,,,,,,
,5,GM India,Tavera,LS / LT / others,Casablanca White,Intense Black,Blazing Red,Lightning Silver,Cashmere,Blazing Red / Lightning Flash,,,,,,,,,
,6,GM India,Optra / Optra SRV,LS / LT / SRV,Icy Blue,Platinum Metallic,Cashmere,Blazing Red,Casablanca White,Sparkling Diamond,,,,,,,,,
,,,,,,,,,,,,,,,,,,,
,,,,,,,,,,,,,,,,,,,
MITSUBISHI,,,,,,,,,,,,,,,,,,,
,S.No,Parent Company / Group,Model Name,Variant / Trim Name,,,,,,,,,,,,,,,
,1,Mitsubishi Motors Ltd.,Pajero Sport,Standard / Select Plus etc,Black / White,Black / Silver,Black / Red,Black / Yellow,,,,,,,,,,,
,2,Mitsubishi Motors Ltd.,(Import) Outlander,Standard trims,Black Pearl,Cosmic Blue,Orient Red,Cool Silver,White Solid,White Pearl,Titanium Gray,,,,,,,,
,3,Mitsubishi Motors Ltd.,Cedia / Lancer series,Standard trims,,,,,,,,,,,,,,,
,4,Mitsubishi Motors Ltd.,Outlander (older India),Standard trims,Black Pearl,Cosmic Blue,Cool Silver,White Solid,White Pearl,Titanium Gray,,,,,,,,,
,5,Mitsubishi Motors Ltd.,(General note) Various older models,—,,,,,,,,,,,,,,,
